{"stats":{"minecraft:used":{"minecraft:redstone_torch":10,"minecraft:lever":38,"minecraft:repeater":54,"minecraft:redstone_lamp":18,"minecraft:comparator":30,"minecraft:redstone":223,"minecraft:oak_sign":9,"minecraft:sandstone":7,"minecraft:redstone_block":16,"minecraft:infested_stone_bricks":16},"minecraft:dropped":{"minecraft:redstone_lamp":1},"minecraft:picked_up":{"minecraft:redstone_lamp":1,"minecraft:lever":2,"minecraft:redstone_torch":4,"minecraft:redstone":2},"minecraft:custom":{"minecraft:time_since_rest":33082,"minecraft:play_one_minute":33082,"minecraft:crouch_one_cm":21,"minecraft:sprint_one_cm":1189,"minecraft:walk_one_cm":48268,"minecraft:sneak_time":822,"minecraft:drop":1,"minecraft:jump":142,"minecraft:leave_game":2,"minecraft:time_since_death":33082,"minecraft:fly_one_cm":113862}},"DataVersion":2584}